<?xml version="1.0" encoding="UTF-8"?>
<project-private xmlns="http://www.netbeans.org/ns/project-private/1">
    <editor-bookmarks xmlns="http://www.netbeans.org/ns/editor-bookmarks/2" lastBookmarkId="0"/>
    <open-files xmlns="http://www.netbeans.org/ns/projectui-open-files/2">
        <group>
            <file>file:/C:/Users/remer/OneDrive/Documents/TUBES_CariJodoh/src/View/chat_pengirim.java</file>
            <file>file:/C:/Users/remer/OneDrive/Documents/TUBES_CariJodoh/src/Controller/UserControllerInterface.java</file>
            <file>file:/C:/Users/remer/OneDrive/Documents/TUBES_CariJodoh/src/Model/User.java</file>
            <file>file:/C:/Users/remer/OneDrive/Documents/TUBES_CariJodoh/src/View/PenggunaView.java</file>
            <file>file:/C:/Users/remer/OneDrive/Documents/TUBES_CariJodoh/src/View/chat_penerima.java</file>
            <file>file:/C:/Users/remer/OneDrive/Documents/TUBES_CariJodoh/src/View/LoginView.java</file>
            <file>file:/C:/Users/remer/OneDrive/Documents/TUBES_CariJodoh/src/View/KriteriaPencocokanView.java</file>
            <file>file:/C:/Users/remer/OneDrive/Documents/TUBES_CariJodoh/src/View/RegisterView.java</file>
            <file>file:/C:/Users/remer/OneDrive/Documents/TUBES_CariJodoh/src/tubes_carijodoh/TUBES_CariJodoh.java</file>
            <file>file:/C:/Users/remer/OneDrive/Documents/TUBES_CariJodoh/src/tubes_carijodoh/koneksi.java</file>
            <file>file:/C:/Users/remer/OneDrive/Documents/TUBES_CariJodoh/src/tubes_carijodoh/kriteriaPencocokan.java</file>
            <file>file:/C:/Users/remer/OneDrive/Documents/TUBES_CariJodoh/src/Model/Kriteria.java</file>
            <file>file:/C:/Users/remer/OneDrive/Documents/TUBES_CariJodoh/src/View/Chat.java</file>
            <file>file:/C:/Users/remer/OneDrive/Documents/TUBES_CariJodoh/src/View/GUIPS.java</file>
            <file>file:/C:/Users/remer/OneDrive/Documents/TUBES_CariJodoh/src/Model/JenisUser.java</file>
            <file>file:/C:/Users/remer/OneDrive/Documents/TUBES_CariJodoh/src/Controller/UserController.java</file>
            <file>file:/C:/Users/remer/OneDrive/Documents/TUBES_CariJodoh/src/Controller/KriteriaController.java</file>
        </group>
    </open-files>
</project-private>
